INSERT INTO CATEGORIA_EXAMEN (COD_EXAMEN, DESCRIPCION_EXAMEN) 
VALUES (100,  'analisis de sangre' );
INSERT INTO CATEGORIA_EXAMEN (COD_EXAMEN, DESCRIPCION_EXAMEN) 
VALUES (101,  'examen cardiovascular' );
INSERT INTO CATEGORIA_EXAMEN (COD_EXAMEN, DESCRIPCION_EXAMEN) 
VALUES (102,  'examen psiquico' );
INSERT INTO CATEGORIA_EXAMEN (COD_EXAMEN, DESCRIPCION_EXAMEN) 
VALUES (103,  'examen de heces' );
INSERT INTO CATEGORIA_EXAMEN (COD_EXAMEN, DESCRIPCION_EXAMEN) 
VALUES (104,  'examen de motor' );


INSERT INTO CATEGORIA_DATOS_EXAMEN ( COD_DATO, DESCRIPCION_DATO, COD_EXAMEN ) 
VALUES (50,  'analisis estandar de sangre', 100 );
INSERT INTO CATEGORIA_DATOS_EXAMEN ( COD_DATO, DESCRIPCION_DATO, COD_EXAMEN ) 
VALUES (51,  'analisis de hormonas xxx en sangre', 100 );
INSERT INTO CATEGORIA_DATOS_EXAMEN ( COD_DATO, DESCRIPCION_DATO, COD_EXAMEN ) 
VALUES (52,  'analisis de encima cardiacas xxx en sangre', 100 );
INSERT INTO CATEGORIA_DATOS_EXAMEN ( COD_DATO, DESCRIPCION_DATO, COD_EXAMEN ) 
VALUES (53,  'analisis marcador genetico xxx en  sangre', 100 );
INSERT INTO CATEGORIA_DATOS_EXAMEN ( COD_DATO, DESCRIPCION_DATO, COD_EXAMEN ) 
VALUES (54,  'analisis de colesterol/trigliceridos sangre', 100 );

INSERT INTO TRAMITE_RECETA ( IDE_RECETA, DESCRIPCION_DOSIS, FECHA_INICIO_MED, ID_INTERNACION, IDE_EXPEDIENTE, IDE_PERSONAL_MED, IDE_MED, IDE_PRESENTACION_MED ) 
VALUES (1001,  'cada 2 horas', sysdate(), 100, 200, 300, 554, 5);
INSERT INTO TRAMITE_RECETA ( IDE_RECETA, DESCRIPCION_DOSIS, FECHA_INICIO_MED, ID_INTERNACION, IDE_EXPEDIENTE, IDE_PERSONAL_MED, IDE_MED, IDE_PRESENTACION_MED ) 
VALUES (1002,  'cada 4 horas', sysdate(), 100, 200, 300, 554, 4);
INSERT INTO TRAMITE_RECETA ( IDE_RECETA, DESCRIPCION_DOSIS, FECHA_INICIO_MED, ID_INTERNACION, IDE_EXPEDIENTE, IDE_PERSONAL_MED, IDE_MED, IDE_PRESENTACION_MED ) 
VALUES (1003,  'cada 6 horas', sysdate(), 100, 200, 300, 634, 5);
INSERT INTO TRAMITE_RECETA ( IDE_RECETA, DESCRIPCION_DOSIS, FECHA_INICIO_MED, ID_INTERNACION, IDE_EXPEDIENTE, IDE_PERSONAL_MED, IDE_MED, IDE_PRESENTACION_MED ) 
VALUES (1004,  'cada 8 horas', sysdate(), 101, 200, 301, 554, 5);
INSERT INTO TRAMITE_RECETA ( IDE_RECETA, DESCRIPCION_DOSIS, FECHA_INICIO_MED, ID_INTERNACION, IDE_EXPEDIENTE, IDE_PERSONAL_MED, IDE_MED, IDE_PRESENTACION_MED ) 
VALUES (1005,  'cada 12 horas', sysdate(), 101, 200, 301, 554, 5);
INSERT INTO TRAMITE_RECETA ( IDE_RECETA, DESCRIPCION_DOSIS, FECHA_INICIO_MED, ID_INTERNACION, IDE_EXPEDIENTE, IDE_PERSONAL_MED, IDE_MED, IDE_PRESENTACION_MED ) 
VALUES (1006,  'cada 24 horas', sysdate(), 101, 200, 302, 562, 3);
INSERT INTO TRAMITE_RECETA ( IDE_RECETA, DESCRIPCION_DOSIS, FECHA_INICIO_MED, ID_INTERNACION, IDE_EXPEDIENTE, IDE_PERSONAL_MED, IDE_MED, IDE_PRESENTACION_MED ) 
VALUES (1007,  'cada 48 horas', sysdate(), 100, 201, 303, 422, 2);
INSERT INTO TRAMITE_RECETA ( IDE_RECETA, DESCRIPCION_DOSIS, FECHA_INICIO_MED, ID_INTERNACION, IDE_EXPEDIENTE, IDE_PERSONAL_MED, IDE_MED, IDE_PRESENTACION_MED ) 
VALUES (1008,  'cada 16 horas', sysdate(), 100, 202, 300, 552, 4);


INSERT INTO TRAMITE_EXAMEN (IDE_SOLICITUD_EXAMEN , FEC_EXAMEN , ID_INTERNACION, IDE_EXPEDIENTE, IDE_PERSONAL_MED, CATEGORIA_EXAMEN   ) 
VALUES (999, sysdate(), 100, 200, 300, 100);
INSERT INTO TRAMITE_EXAMEN (IDE_SOLICITUD_EXAMEN , FEC_EXAMEN , ID_INTERNACION, IDE_EXPEDIENTE, IDE_PERSONAL_MED, CATEGORIA_EXAMEN   ) 
VALUES (1000, sysdate(), 100, 200, 300, 100);
INSERT INTO TRAMITE_EXAMEN (IDE_SOLICITUD_EXAMEN , FEC_EXAMEN , ID_INTERNACION, IDE_EXPEDIENTE, IDE_PERSONAL_MED, CATEGORIA_EXAMEN   ) 
VALUES (1001, sysdate(), 101, 200, 300, 100);
INSERT INTO TRAMITE_EXAMEN (IDE_SOLICITUD_EXAMEN , FEC_EXAMEN , ID_INTERNACION, IDE_EXPEDIENTE, IDE_PERSONAL_MED, CATEGORIA_EXAMEN   ) 
VALUES (1002, sysdate(), 101, 200, 300, 100);
INSERT INTO TRAMITE_EXAMEN (IDE_SOLICITUD_EXAMEN , FEC_EXAMEN , ID_INTERNACION, IDE_EXPEDIENTE, IDE_PERSONAL_MED, CATEGORIA_EXAMEN   ) 
VALUES (1003, sysdate(), 101, 201, 301, 100);
INSERT INTO TRAMITE_EXAMEN (IDE_SOLICITUD_EXAMEN , FEC_EXAMEN , ID_INTERNACION, IDE_EXPEDIENTE, IDE_PERSONAL_MED, CATEGORIA_EXAMEN   ) 
VALUES (1004, sysdate(), 101, 201, 302, 100);
INSERT INTO TRAMITE_EXAMEN (IDE_SOLICITUD_EXAMEN , FEC_EXAMEN , ID_INTERNACION, IDE_EXPEDIENTE, IDE_PERSONAL_MED, CATEGORIA_EXAMEN   ) 
VALUES (1005, sysdate(), 100, 201, 303, 100);
INSERT INTO TRAMITE_EXAMEN (IDE_SOLICITUD_EXAMEN , FEC_EXAMEN , ID_INTERNACION, IDE_EXPEDIENTE, IDE_PERSONAL_MED, CATEGORIA_EXAMEN   ) 
VALUES (1006, sysdate(), 100, 202, 300, 100);

INSERT INTO TRAMITE_EXAMEN_DATO_LINEA (IDE_TRAMITE_EXAMEN_DATO_LINEA, RESULTADO_EXAMEN, COD_DATO , IDE_SOLICITUD_EXAMEN ) 
VALUES (10, 'Valores normales', 50, 999 );
INSERT INTO TRAMITE_EXAMEN_DATO_LINEA (IDE_TRAMITE_EXAMEN_DATO_LINEA, RESULTADO_EXAMEN, COD_DATO , IDE_SOLICITUD_EXAMEN ) 
VALUES (11, 'alto en hormonas xxx', 51, 1000 );
INSERT INTO TRAMITE_EXAMEN_DATO_LINEA (IDE_TRAMITE_EXAMEN_DATO_LINEA, RESULTADO_EXAMEN, COD_DATO , IDE_SOLICITUD_EXAMEN ) 
VALUES (12, 'Valores normales en hormonas xxx', 51, 1001 );
INSERT INTO TRAMITE_EXAMEN_DATO_LINEA (IDE_TRAMITE_EXAMEN_DATO_LINEA, RESULTADO_EXAMEN, COD_DATO , IDE_SOLICITUD_EXAMEN ) 
VALUES (13, 'Valores normales', 50, 1002 );
INSERT INTO TRAMITE_EXAMEN_DATO_LINEA (IDE_TRAMITE_EXAMEN_DATO_LINEA, RESULTADO_EXAMEN, COD_DATO , IDE_SOLICITUD_EXAMEN ) 
VALUES (14, 'positivo, encimas detectadas', 52, 1003 );
INSERT INTO TRAMITE_EXAMEN_DATO_LINEA (IDE_TRAMITE_EXAMEN_DATO_LINEA, RESULTADO_EXAMEN, COD_DATO , IDE_SOLICITUD_EXAMEN ) 
VALUES (15, 'Negativo, encimas no detectadas', 52, 1004 );
INSERT INTO TRAMITE_EXAMEN_DATO_LINEA (IDE_TRAMITE_EXAMEN_DATO_LINEA, RESULTADO_EXAMEN, COD_DATO , IDE_SOLICITUD_EXAMEN ) 
VALUES (16, 'positivo, Marcador genetico presente', 53, 1005 );
INSERT INTO TRAMITE_EXAMEN_DATO_LINEA (IDE_TRAMITE_EXAMEN_DATO_LINEA, RESULTADO_EXAMEN, COD_DATO , IDE_SOLICITUD_EXAMEN ) 
VALUES (17, 'Valores alto colesterol:350, trigliceridos: 200', 54, 1006 );
